{
    "1.933643": {
        "pair": {
            "Ti, O": 32
        }
    },
    "1.979988": {
        "pair": {
            "Ti, O": 16
        }
    },
    "2.465895": {
        "pair": {
            "O, O": 16
        }
    },
    "2.792098": {
        "pair": {
            "O, O": 32
        }
    },
    "3.039411": {
        "pair": {
            "O, O": 32,
            "Ti, Ti": 16
        }
    },
    "3.696870": {
        "pair": {
            "O, O": 16
        }
    },
    "3.784200": {
        "pair": {
            "O, O": 32,
            "Ti, Ti": 16
        }
    },
    "3.856624": {
        "pair": {
            "Ti, O": 64
        }
    },
    "3.959977": {
        "pair": {
            "O, O": 8
        }
    },
    "4.249605": {
        "pair": {
            "Ti, O": 64
        }
    },
    "4.270893": {
        "pair": {
            "Ti, O": 64
        }
    },
    "4.516725": {
        "pair": {
            "O, O": 32
        }
    },
    "4.751607": {
        "pair": {
            "Ti, O": 32
        }
    },
    "4.853678": {
        "pair": {
            "O, O": 64,
            "Ti, Ti": 32
        }
    },
    "5.290276": {
        "pair": {
            "O, O": 32
        }
    },
    "5.351667": {
        "pair": {
            "O, O": 32,
            "Ti, Ti": 16
        }
    },
    "5.458204": {
        "pair": {
            "O, O": 64,
            "Ti, Ti": 32
        }
    },
    "5.477370": {
        "pair": {
            "O, O": 32
        }
    },
    "5.492175": {
        "pair": {
            "Ti, O": 32
        }
    },
    "5.554623": {
        "pair": {
            "O, O": 8
        }
    },
    "5.690282": {
        "pair": {
            "Ti, O": 32
        }
    },
    "5.706198": {
        "pair": {
            "Ti, O": 64
        }
    },
    "5.892451": {
        "pair": {
            "O, O": 16
        }
    },
    "6.036236": {
        "pair": {
            "O, O": 64
        }
    },
    "6.074367": {
        "pair": {
            "Ti, O": 64
        }
    },
    "6.154540": {
        "pair": {
            "O, O": 32,
            "Ti, Ti": 16
        }
    },
    "6.504398": {
        "pair": {
            "O, O": 16
        }
    },
    "6.596505": {
        "pair": {
            "Ti, O": 128
        }
    },
    "6.615000": {
        "pair": {
            "O, O": 16
        }
    },
    "6.657458": {
        "pair": {
            "O, O": 32
        }
    },
    "6.669644": {
        "pair": {
            "Ti, O": 64
        }
    },
    "6.721161": {
        "pair": {
            "O, O": 32
        }
    },
    "6.833702": {
        "pair": {
            "Ti, O": 64
        }
    },
    "7.002938": {
        "pair": {
            "O, O": 32
        }
    },
    "7.156683": {
        "pair": {
            "Ti, O": 32
        }
    },
    "7.224855": {
        "pair": {
            "O, O": 64,
            "Ti, Ti": 32
        }
    },
    "7.249216": {
        "pair": {
            "O, Ti": 64
        }
    },
    "7.382535": {
        "pair": {
            "O, O": 32,
            "Ti, Ti": 16
        }
    },
    "7.525115": {
        "pair": {
            "O, O": 32
        }
    },
    "7.534612": {
        "pair": {
            "O, Ti": 16
        }
    },
    "7.568400": {
        "pair": {
            "O, O": 32,
            "Ti, Ti": 16
        }
    },
    "7.620918": {
        "pair": {
            "O, O": 32
        }
    },
    "7.644104": {
        "pair": {
            "O, O": 128,
            "Ti, Ti": 64
        }
    },
    "7.668398": {
        "pair": {
            "O, Ti": 32
        }
    },
    "7.713247": {
        "pair": {
            "O, O": 32
        }
    },
    "7.811508": {
        "pair": {
            "Ti, O": 64
        }
    },
    "7.823109": {
        "pair": {
            "Ti, O": 64
        }
    },
    "7.959982": {
        "pair": {
            "O, O": 32
        }
    },
    "8.067000": {
        "pair": {
            "O, O": 32
        }
    },
    "8.095572": {
        "pair": {
            "Ti, O": 64
        }
    },
    "8.155788": {
        "pair": {
            "O, O": 16
        }
    },
    "8.155900": {
        "pair": {
            "O, O": 64,
            "Ti, Ti": 32
        }
    },
    "8.295902": {
        "pair": {
            "O, O": 64,
            "Ti, Ti": 32
        }
    },
    "8.423036": {
        "pair": {
            "O, O": 32
        }
    },
    "8.431521": {
        "pair": {
            "O, Ti": 64
        }
    },
    "8.461728": {
        "pair": {
            "O, O": 64,
            "Ti, Ti": 32
        }
    },
    "8.494364": {
        "pair": {
            "Ti, O": 64
        }
    },
    "8.508735": {
        "pair": {
            "O, O": 16
        }
    },
    "8.541785": {
        "pair": {
            "O, O": 32
        }
    },
    "8.551286": {
        "pair": {
            "Ti, O": 64
        }
    },
    "8.690294": {
        "pair": {
            "Ti, O": 128
        }
    },
    "8.936355": {
        "pair": {
            "Ti, O": 64
        }
    },
    "8.990942": {
        "pair": {
            "O, O": 32
        }
    },
    "9.010631": {
        "pair": {
            "Ti, O": 128
        }
    },
    "9.118233": {
        "pair": {
            "O, O": 32,
            "Ti, Ti": 16
        }
    },
    "9.118717": {
        "pair": {
            "O, O": 32
        }
    },
    "9.241792": {
        "pair": {
            "Ti, O": 64
        }
    },
    "9.310229": {
        "pair": {
            "O, Ti": 32
        }
    },
    "9.312290": {
        "pair": {
            "O, O": 32
        }
    },
    "9.331274": {
        "pair": {
            "O, O": 64,
            "Ti, Ti": 32
        }
    },
    "9.342498": {
        "pair": {
            "O, O": 64
        }
    },
    "9.351185": {
        "pair": {
            "Ti, O": 64
        }
    },
    "9.387999": {
        "pair": {
            "O, O": 32
        }
    },
    "9.468896": {
        "pair": {
            "Ti, O": 96
        }
    },
    "9.514600": {
        "pair": {
            "O, O": 16,
            "Ti, Ti": 8
        }
    },
    "9.591749": {
        "pair": {
            "O, O": 48
        }
    },
    "9.680745": {
        "pair": {
            "O, O": 64
        }
    },
    "9.754856": {
        "pair": {
            "O, O": 16
        }
    },
    "9.754949": {
        "pair": {
            "O, O": 96,
            "Ti, Ti": 48
        }
    },
    "9.872301": {
        "pair": {
            "O, O": 64,
            "Ti, Ti": 32
        }
    },
    "9.979372": {
        "pair": {
            "O, O": 48
        }
    }
}